Nome,Plano,Vencimento
José,Mensal,12/06/2026
Maria,Anual,05/07/2026
Carlos,Trimestral,20/08/2026
Ana,Mensal,15/09/2026
Paulo,Semestral,01/10/2026
Fernanda,Mensal,12/11/2026
Ricardo,Anual,25/12/2026
Juliana,Trimestral,08/01/2027
Patrícia,Semestral,03/03/2027
Roberto,Mensal,14/04/2027
Camila,Anual,27/05/2027
André,Trimestral,09/06/2027
Luciana,Mensal,21/07/2027
Felipe,Semestral,02/08/2027
Bianca,Mensal,13/09/2027
Sérgio,Anual,26/10/2027
Carolina,Trimestral,07/11/2027
Daniel,Mensal,18/12/2027
Aline,Semestral,30/01/2028
Gustavo,Mensal,11/02/2028
Tatiane,Anual,24/03/2028
Eduardo,Trimestral,05/04/2028
Vanessa,Mensal,16/05/2028
Bruno,Semestral,28/06/2028
Isabela,Mensal,09/07/2028
Rafael,Anual,22/08/2028
Larissa,Trimestral,03/09/2028
Diego,Mensal,14/10/2028
Renata,Semestral,26/11/2028
Thiago,Mensal,07/12/2028
Mônica,Anual,18/01/2029
Leandro,Trimestral,01/02/2029
Cláudia,Mensal,12/03/2029
Fábio,Semestral,24/04/2029
Simone,Mensal,05/05/2029
Marcelo,Anual,16/06/2029
Adriana,Trimestral,28/07/2029
João,Mensal,09/08/2029
Helena,Semestral,20/09/2029
Pedro,Mensal,02/10/2029
Sofia,Anual,13/11/2029
Mateus,Trimestral,25/12/2029
Beatriz,Mensal,06/01/2030
Luiz,Semestral,17/02/2030
Débora,Mensal,01/03/2030
Alexandre,Anual,12/04/2030
Natália,Trimestral,24/05/2030
Hugo,Mensal,05/06/2030
Priscila,Semestral,16/07/2030
Penha,Trimestral,21/04/2026
